soort;X;Y;taxon
Arenaria_serpyllifolia;1310;218;plant
Asparagus_officinalis;642;373;plant
Asparagus_officinalis;199;295;plant
Asparagus_officinalis;235;263;plant
Crepis_sp.;108;118;plant
Crepis_sp.;100;113;plant
Crepis_sp.;148;124;plant
Crepis_sp.;216;123;plant
Crepis_sp.;380;154;plant
Crepis_sp.;555;108;plant
Crepis_sp.;454;557;plant
Crepis_sp.;464;483;plant
Crepis_sp.;490;462;plant
Crepis_sp.;490;464;plant
Crepis_sp.;520;474;plant
Crepis_sp.;522;468;plant
Crepis_sp.;531;482;plant
Crepis_sp.;530;500;plant
Crepis_sp.;1488;556;plant
Crepis_sp.;1486;585;plant
Crepis_sp.;1459;540;plant
Crepis_sp.;1451;584;plant
Crepis_sp.;1444;538;plant
Crepis_sp.;1442;534;plant
Crepis_sp.;1407;560;plant
Crepis_sp.;1405;544;plant
Crepis_sp.;24;444;plant
Crepis_sp.;28;492;plant
Crepis_sp.;30;492;plant
Crepis_sp.;72;472;plant
Crepis_sp.;131;445;plant
Crepis_sp.;138;419;plant
Crepis_sp.;169;426;plant
Crepis_sp.;284;419;plant
Crepis_sp.;348;482;plant
Crepis_sp.;405;429;plant
Crepis_sp.;444;423;plant
Crepis_sp.;447;470;plant
Crepis_sp.;194;325;plant
Crepis_sp.;242;321;plant
Crepis_sp.;250;331;plant
Crepis_sp.;254;328;plant
Crepis_sp.;265;331;plant
Crepis_sp.;295;369;plant
Crepis_sp.;299;308;plant
Crepis_sp.;430;336;plant
Crepis_sp.;1;309;plant
Crepis_sp.;4;366;plant
Crepis_sp.;21;379;plant
Crepis_sp.;26;396;plant
Crepis_sp.;35;302;plant
Crepis_sp.;51;375;plant
Crepis_sp.;52;372;plant
Crepis_sp.;66;304;plant
Crepis_sp.;77;368;plant
Crepis_sp.;76;395;plant
Crepis_sp.;119;357;plant
Crepis_sp.;161;325;plant
Crepis_sp.;10;960;plant
Crepis_sp.;159;944;plant
Crepis_sp.;273;953;plant
Crepis_sp.;301;930;plant
Crepis_sp.;315;939;plant
Crepis_sp.;428;920;plant
Crepis_sp.;592;908;plant
Crepis_sp.;595;907;plant
Crepis_sp.;623;965;plant
Crepis_sp.;975;944;plant
Crepis_sp.;728;920;plant
Crepis_sp.;742;922;plant
Crepis_sp.;740;933;plant
Crepis_sp.;746;952;plant
Crepis_sp.;775;941;plant
Crepis_sp.;818;964;plant
Crepis_sp.;868;909;plant
Crepis_sp.;913;905;plant
Crepis_sp.;900;994;plant
Crepis_sp.;52;724;plant
Crepis_sp.;53;708;plant
Crepis_sp.;89;703;plant
Crepis_sp.;99;705;plant
Crepis_sp.;236;703;plant
Crepis_sp.;248;756;plant
Crepis_sp.;251;774;plant
Crepis_sp.;274;748;plant
Crepis_sp.;282;747;plant
Crepis_sp.;280;733;plant
Crepis_sp.;283;729;plant
Crepis_sp.;288;739;plant
Crepis_sp.;301;771;plant
Crepis_sp.;301;777;plant
Crepis_sp.;356;748;plant
Crepis_sp.;439;720;plant
Crepis_sp.;155;250;plant
Crepis_sp.;155;247;plant
Crepis_sp.;196;207;plant
Crepis_sp.;210;290;plant
Crepis_sp.;236;261;plant
Crepis_sp.;237;282;plant
Crepis_sp.;273;299;plant
Crepis_sp.;1438;680;plant
Crepis_sp.;1426;600;plant
Crepis_sp.;1401;626;plant
Crepis_sp.;1334;634;plant
Crepis_sp.;718;672;plant
Crepis_sp.;1308;648;plant
Crepis_sp.;1292;656;plant
Crepis_sp.;1279;671;plant
Crepis_sp.;1088;694;plant
Crepis_sp.;707;622;plant
Crepis_sp.;1079;689;plant
Crepis_sp.;1078;677;plant
Crepis_sp.;1036;626;plant
Crepis_sp.;1029;652;plant
Crepis_sp.;998;604;plant
Crepis_sp.;986;638;plant
Crepis_sp.;899;621;plant
Crepis_sp.;855;615;plant
Crepis_sp.;841;686;plant
Crepis_sp.;836;603;plant
Crepis_sp.;817;613;plant
Crepis_sp.;809;621;plant
Crepis_sp.;782;643;plant
Crepis_sp.;739;681;plant
Crepis_sp.;1321;885;plant
Crepis_sp.;1327;875;plant
Crepis_sp.;1330;835;plant
Crepis_sp.;1374;840;plant
Crepis_sp.;1389;821;plant
Crepis_sp.;1419;890;plant
Crepis_sp.;1427;884;plant
Crepis_sp.;1431;890;plant
Crepis_sp.;1461;814;plant
Crepis_sp.;202;858;plant
Crepis_sp.;212;845;plant
Crepis_sp.;222;864;plant
Crepis_sp.;222;862;plant
Crepis_sp.;305;818;plant
Crepis_sp.;343;804;plant
Crepis_sp.;352;850;plant
Crepis_sp.;396;839;plant
Crepis_sp.;395;824;plant
Crepis_sp.;492;885;plant
Crepis_sp.;531;843;plant
Crepis_sp.;555;843;plant
Crepis_sp.;595;817;plant
Crepis_sp.;719;895;plant
Crepis_sp.;752;842;plant
Crepis_sp.;778;832;plant
Crepis_sp.;778;863;plant
Crepis_sp.;802;887;plant
Crepis_sp.;853;823;plant
Crepis_sp.;882;830;plant
Crepis_sp.;910;900;plant
Crepis_sp.;913;887;plant
Crepis_sp.;961;821;plant
Crepis_sp.;961;831;plant
Crepis_sp.;962;845;plant
Crepis_sp.;964;853;plant
Crepis_sp.;966;881;plant
Crepis_sp.;971;865;plant
Crepis_sp.;977;861;plant
Crepis_sp.;1157;813;plant
Crepis_sp.;1266;847;plant
Crepis_sp.;1448;452;plant
Crepis_sp.;1405;422;plant
Crepis_sp.;1295;500;plant
Crepis_sp.;1181;500;plant
Crepis_sp.;1058;421;plant
Crepis_sp.;1020;417;plant
Crepis_sp.;1015;479;plant
Crepis_sp.;991;500;plant
Crepis_sp.;880;500;plant
Crepis_sp.;852;494;plant
Crepis_sp.;813;413;plant
Crepis_sp.;781;440;plant
Crepis_sp.;649;444;plant
Crepis_sp.;645;464;plant
Crepis_sp.;639;472;plant
Crepis_sp.;601;494;plant
Crepis_sp.;1406;272;plant
Crepis_sp.;1367;205;plant
Crepis_sp.;987;289;plant
Crepis_sp.;602;280;plant
Crepis_sp.;600;269;plant
Crepis_sp.;1407;347;plant
Crepis_sp.;1406;350;plant
Crepis_sp.;1394;391;plant
Crepis_sp.;1370;386;plant
Crepis_sp.;1220;387;plant
Crepis_sp.;1175;65;plant
Crepis_sp.;1178;372;plant
Crepis_sp.;1100;337;plant
Crepis_sp.;1046;373;plant
Crepis_sp.;900;365;plant
Crepis_sp.;698;357;plant
Crepis_sp.;1062;732;plant
Crepis_sp.;1046;805;plant
Crepis_sp.;967;725;plant
Crepis_sp.;929;703;plant
Crepis_sp.;890;764;plant
Crepis_sp.;888;760;plant
Crepis_sp.;853;745;plant
Crepis_sp.;819;770;plant
Crepis_sp.;773;837;plant
Crepis_sp.;746;771;plant
Crepis_sp.;644;727;plant
Crepis_sp.;651;787;plant
Crepis_sp.;530;726;plant
Crepis_sp.;532;744;plant
Crepis_sp.;531;759;plant
Crepis_sp.;522;745;plant
Crepis_sp.;516;732;plant
Crepis_sp.;1464;908;plant
Crepis_sp.;1395;918;plant
Crepis_sp.;1343;975;plant
Crepis_sp.;1328;908;plant
Crepis_sp.;1310;992;plant
Crepis_sp.;1288;930;plant
Crepis_sp.;1288;961;plant
Crepis_sp.;1372;939;plant
Crepis_sp.;1266;976;plant
Crepis_sp.;1174;947;plant
Crepis_sp.;1125;927;plant
Crepis_sp.;1195;984;plant
Crepis_sp.;1191;938;plant
Crepis_sp.;4;582;plant
Crepis_sp.;9;553;plant
Crepis_sp.;11;555;plant
Crepis_sp.;135;571;plant
Crepis_sp.;192;574;plant
Crepis_sp.;192;580;plant
Crepis_sp.;197;521;plant
Crepis_sp.;199;523;plant
Crepis_sp.;207;558;plant
Crepis_sp.;301;525;plant
Crepis_sp.;548;569;plant
Crepis_sp.;586;585;plant
Crepis_sp.;591;505;plant
Crepis_sp.;611;600;plant
Crepis_sp.;612;600;plant
Crepis_sp.;634;516;plant
Crepis_sp.;634;555;plant
Crepis_sp.;636;537;plant
Crepis_sp.;657;570;plant
Crepis_sp.;660;572;plant
Crepis_sp.;674;552;plant
Crepis_sp.;683;560;plant
Crepis_sp.;685;576;plant
Crepis_sp.;690;569;plant
Crepis_sp.;736;571;plant
Crepis_sp.;792;534;plant
Crepis_sp.;744;520;plant
Crepis_sp.;756;544;plant
Crepis_sp.;764;531;plant
Crepis_sp.;776;513;plant
Crepis_sp.;792;523;plant
Crepis_sp.;817;580;plant
Crepis_sp.;817;547;plant
Crepis_sp.;834;560;plant
Crepis_sp.;839;600;plant
Crepis_sp.;875;568;plant
Crepis_sp.;936;551;plant
Crepis_sp.;947;566;plant
Crepis_sp.;945;582;plant
Crepis_sp.;945;527;plant
Crepis_sp.;947;580;plant
Crepis_sp.;108;118;plant
Crepis_sp.;100;113;plant
Crepis_sp.;148;124;plant
Crepis_sp.;216;123;plant
Crepis_sp.;380;154;plant
Crepis_sp.;555;108;plant
Erodium_sp.;631;11;plant
Erodium_sp.;631;2;plant
Erodium_sp.;970;62;plant
Erodium_sp.;1116;100;plant
Erodium_sp.;1116;104;plant
Erodium_sp.;1200;151;plant
Erodium_sp.;1195;180;plant
Erodium_sp.;1194;187;plant
Erodium_sp.;1178;155;plant
Erodium_sp.;1174;166;plant
Erodium_sp.;1165;141;plant
Erodium_sp.;1142;207;plant
Erodium_sp.;1136;203;plant
Erodium_sp.;1128;202;plant
Erodium_sp.;1124;188;plant
Erodium_sp.;1113;79;plant
Erodium_sp.;1116;200;plant
Erodium_sp.;1112;194;plant
Erodium_sp.;1110;181;plant
Erodium_sp.;1114;129;plant
Erodium_sp.;1094;157;plant
Erodium_sp.;1060;205;plant
Erodium_sp.;1019;193;plant
Erodium_sp.;1102;77;plant
Erodium_sp.;958;149;plant
Erodium_sp.;971;183;plant
Erodium_sp.;943;193;plant
Erodium_sp.;958;151;plant
Erodium_sp.;918;153;plant
Erodium_sp.;875;202;plant
Erodium_sp.;890;132;plant
Erodium_sp.;867;164;plant
Erodium_sp.;850;171;plant
Erodium_sp.;133;154;plant
Erodium_sp.;1244;291;plant
Erodium_sp.;1216;243;plant
Erodium_sp.;1210;272;plant
Erodium_sp.;1203;280;plant
Erodium_sp.;1201;246;plant
Erodium_sp.;1197;238;plant
Erodium_sp.;1193;217;plant
Erodium_sp.;1182;245;plant
Erodium_sp.;1176;210;plant
Erodium_sp.;1176;266;plant
Erodium_sp.;1174;270;plant
Erodium_sp.;1170;226;plant
Erodium_sp.;1165;217;plant
Erodium_sp.;1150;203;plant
Erodium_sp.;1153;207;plant
Erodium_sp.;1143;205;plant
Erodium_sp.;1137;237;plant
Erodium_sp.;1130;218;plant
Erodium_sp.;1127;222;plant
Erodium_sp.;1124;215;plant
Erodium_sp.;1111;249;plant
Erodium_sp.;1100;231;plant
Erodium_sp.;1100;233;plant
Erodium_sp.;1098;228;plant
Erodium_sp.;1095;210;plant
Erodium_sp.;1080;255;plant
Erodium_sp.;1066;281;plant
Erodium_sp.;1060;233;plant
Erodium_sp.;1060;275;plant
Erodium_sp.;1064;280;plant
Erodium_sp.;992;275;plant
Erodium_sp.;992;281;plant
Erodium_sp.;973;256;plant
Erodium_sp.;971;260;plant
Erodium_sp.;971;270;plant
Erodium_sp.;962;252;plant
Erodium_sp.;930;225;plant
Erodium_sp.;900;207;plant
Erodium_sp.;860;250;plant
Erodium_sp.;1374;304;plant
Erodium_sp.;1213;315;plant
Erodium_sp.;1175;335;plant
Erodium_sp.;1157;330;plant
Erodium_sp.;1151;320;plant
Erodium_sp.;1150;322;plant
Erodium_sp.;1147;320;plant
Erodium_sp.;1141;325;plant
Erodium_sp.;1132;380;plant
Erodium_sp.;1100;304;plant
Erodium_sp.;1100;325;plant
Erodium_sp.;1091;320;plant
Erodium_sp.;1087;335;plant
Erodium_sp.;1086;338;plant
Erodium_sp.;1083;327;plant
Erodium_sp.;1082;318;plant
Erodium_sp.;1074;353;plant
Erodium_sp.;1074;367;plant
Erodium_sp.;1074;358;plant
Erodium_sp.;1072;367;plant
Erodium_sp.;1065;320;plant
Erodium_sp.;1063;366;plant
Erodium_sp.;1063;386;plant
Erodium_sp.;1061;330;plant
Erodium_sp.;1061;340;plant
Erodium_sp.;1057;332;plant
Erodium_sp.;1053;334;plant
Erodium_sp.;1052;315;plant
Erodium_sp.;1050;313;plant
Erodium_sp.;1041;338;plant
Erodium_sp.;1035;338;plant
Erodium_sp.;1009;317;plant
Erodium_sp.;991;378;plant
Erodium_sp.;984;320;plant
Erodium_sp.;984;315;plant
Erodium_sp.;967;323;plant
Erodium_sp.;958;378;plant
Erodium_sp.;947;330;plant
Erodium_sp.;1107;463;plant
Erodium_sp.;1106;453;plant
Erodium_sp.;1100;452;plant
Erodium_sp.;1093;432;plant
Erodium_sp.;1093;447;plant
Erodium_sp.;1090;435;plant
Erodium_sp.;1075;420;plant
Erodium_sp.;1064;435;plant
Erodium_sp.;1065;441;plant
Erodium_sp.;1065;484;plant
Erodium_sp.;1057;438;plant
Erodium_sp.;1057;460;plant
Erodium_sp.;1058;484;plant
Erodium_sp.;1041;450;plant
Erodium_sp.;1041;450;plant
Erodium_sp.;1041;437;plant
Erodium_sp.;1035;402;plant
Erodium_sp.;1028;487;plant
Erodium_sp.;1027;97;plant
Erodium_sp.;1093;486;plant
Erodium_sp.;1099;462;plant
Erodium_sp.;981;453;plant
Erodium_sp.;954;403;plant
Erodium_sp.;949;412;plant
Erodium_sp.;926;421;plant
Erodium_sp.;925;500;plant
Erodium_sp.;133;154;plant
gras_sp.;337;339;plant
Hieracium_umbellatum;196;318;plant
Hieracium_umbellatum;219;305;plant
Hieracium_umbellatum;262;747;plant
Hieracium_umbellatum;12;282;plant
Hieracium_umbellatum;269;252;plant
Hieracium_umbellatum;308;845;plant
Hieracium_umbellatum;842;832;plant
Hypochaeris_radicata;110;74;plant
Hypochaeris_radicata;60;50;plant
Hypochaeris_radicata;116;88;plant
Hypochaeris_radicata;64;58;plant
Hypochaeris_radicata;85;79;plant
Hypochaeris_radicata;4;28;plant
Hypochaeris_radicata;11;22;plant
Hypochaeris_radicata;25;17;plant
Hypochaeris_radicata;79;5;plant
Hypochaeris_radicata;7;34;plant
Hypochaeris_radicata;13;4;plant
Hypochaeris_radicata;56;67;plant
Hypochaeris_radicata;131;44;plant
Hypochaeris_radicata;137;19;plant
Hypochaeris_radicata;258;31;plant
Hypochaeris_radicata;310;51;plant
Hypochaeris_radicata;153;85;plant
Hypochaeris_radicata;157;75;plant
Hypochaeris_radicata;157;68;plant
Hypochaeris_radicata;276;33;plant
Hypochaeris_radicata;343;78;plant
Hypochaeris_radicata;164;33;plant
Hypochaeris_radicata;168;48;plant
Hypochaeris_radicata;182;57;plant
Hypochaeris_radicata;210;13;plant
Hypochaeris_radicata;327;58;plant
Hypochaeris_radicata;326;85;plant
Hypochaeris_radicata;322;76;plant
Hypochaeris_radicata;330;27;plant
Hypochaeris_radicata;454;37;plant
Hypochaeris_radicata;509;89;plant
Hypochaeris_radicata;520;72;plant
Hypochaeris_radicata;545;64;plant
Hypochaeris_radicata;596;68;plant
Hypochaeris_radicata;893;114;plant
Hypochaeris_radicata;1063;99;plant
Hypochaeris_radicata;1280;97;plant
Hypochaeris_radicata;1350;57;plant
Hypochaeris_radicata;1409;81;plant
Hypochaeris_radicata;1495;88;plant
Hypochaeris_radicata;1433;203;plant
Hypochaeris_radicata;1407;196;plant
Hypochaeris_radicata;1396;143;plant
Hypochaeris_radicata;1380;200;plant
Hypochaeris_radicata;1352;200;plant
Hypochaeris_radicata;1344;200;plant
Hypochaeris_radicata;1308;204;plant
Hypochaeris_radicata;848;149;plant
Hypochaeris_radicata;0;178;plant
Hypochaeris_radicata;39;198;plant
Hypochaeris_radicata;58;113;plant
Hypochaeris_radicata;51;179;plant
Hypochaeris_radicata;69;191;plant
Hypochaeris_radicata;119;150;plant
Hypochaeris_radicata;130;153;plant
Hypochaeris_radicata;151;190;plant
Hypochaeris_radicata;171;177;plant
Hypochaeris_radicata;171;185;plant
Hypochaeris_radicata;202;151;plant
Hypochaeris_radicata;210;130;plant
Hypochaeris_radicata;222;123;plant
Hypochaeris_radicata;357;159;plant
Hypochaeris_radicata;357;168;plant
Hypochaeris_radicata;399;118;plant
Hypochaeris_radicata;458;466;plant
Hypochaeris_radicata;462;445;plant
Hypochaeris_radicata;470;451;plant
Hypochaeris_radicata;473;415;plant
Hypochaeris_radicata;506;472;plant
Hypochaeris_radicata;506;489;plant
Hypochaeris_radicata;510;475;plant
Hypochaeris_radicata;517;430;plant
Hypochaeris_radicata;518;432;plant
Hypochaeris_radicata;525;450;plant
Hypochaeris_radicata;1496;575;plant
Hypochaeris_radicata;1498;557;plant
Hypochaeris_radicata;1487;577;plant
Hypochaeris_radicata;1471;593;plant
Hypochaeris_radicata;1462;535;plant
Hypochaeris_radicata;1459;536;plant
Hypochaeris_radicata;1433;590;plant
Hypochaeris_radicata;1430;580;plant
Hypochaeris_radicata;1431;575;plant
Hypochaeris_radicata;1416;571;plant
Hypochaeris_radicata;21;469;plant
Hypochaeris_radicata;36;436;plant
Hypochaeris_radicata;46;412;plant
Hypochaeris_radicata;54;418;plant
Hypochaeris_radicata;48;418;plant
Hypochaeris_radicata;77;424;plant
Hypochaeris_radicata;103;444;plant
Hypochaeris_radicata;110;438;plant
Hypochaeris_radicata;110;441;plant
Hypochaeris_radicata;126;448;plant
Hypochaeris_radicata;135;437;plant
Hypochaeris_radicata;138;440;plant
Hypochaeris_radicata;146;457;plant
Hypochaeris_radicata;146;463;plant
Hypochaeris_radicata;146;487;plant
Hypochaeris_radicata;155;432;plant
Hypochaeris_radicata;190;404;plant
Hypochaeris_radicata;206;494;plant
Hypochaeris_radicata;207;432;plant
Hypochaeris_radicata;210;433;plant
Hypochaeris_radicata;235;486;plant
Hypochaeris_radicata;243;468;plant
Hypochaeris_radicata;267;497;plant
Hypochaeris_radicata;270;435;plant
Hypochaeris_radicata;319;474;plant
Hypochaeris_radicata;337;415;plant
Hypochaeris_radicata;339;417;plant
Hypochaeris_radicata;344;469;plant
Hypochaeris_radicata;370;465;plant
Hypochaeris_radicata;371;466;plant
Hypochaeris_radicata;385;430;plant
Hypochaeris_radicata;380;475;plant
Hypochaeris_radicata;387;431;plant
Hypochaeris_radicata;389;430;plant
Hypochaeris_radicata;391;434;plant
Hypochaeris_radicata;388;435;plant
Hypochaeris_radicata;390;436;plant
Hypochaeris_radicata;408;425;plant
Hypochaeris_radicata;402;488;plant
Hypochaeris_radicata;419;406;plant
Hypochaeris_radicata;426;489;plant
Hypochaeris_radicata;444;423;plant
Hypochaeris_radicata;0;342;plant
Hypochaeris_radicata;1;398;plant
Hypochaeris_radicata;1;319;plant
Hypochaeris_radicata;5;329;plant
Hypochaeris_radicata;4;378;plant
Hypochaeris_radicata;18;315;plant
Hypochaeris_radicata;37;315;plant
Hypochaeris_radicata;39;354;plant
Hypochaeris_radicata;49;321;plant
Hypochaeris_radicata;48;350;plant
Hypochaeris_radicata;51;349;plant
Hypochaeris_radicata;54;340;plant
Hypochaeris_radicata;54;340;plant
Hypochaeris_radicata;58;359;plant
Hypochaeris_radicata;60;350;plant
Hypochaeris_radicata;66;352;plant
Hypochaeris_radicata;103;331;plant
Hypochaeris_radicata;154;368;plant
Hypochaeris_radicata;162;381;plant
Hypochaeris_radicata;181;304;plant
Hypochaeris_radicata;185;324;plant
Hypochaeris_radicata;185;384;plant
Hypochaeris_radicata;207;326;plant
Hypochaeris_radicata;215;376;plant
Hypochaeris_radicata;253;336;plant
Hypochaeris_radicata;272;363;plant
Hypochaeris_radicata;355;353;plant
Hypochaeris_radicata;363;315;plant
Hypochaeris_radicata;361;348;plant
Hypochaeris_radicata;394;332;plant
Hypochaeris_radicata;475;338;plant
Hypochaeris_radicata;541;310;plant
Hypochaeris_radicata;542;350;plant
Hypochaeris_radicata;575;345;plant
Hypochaeris_radicata;611;338;plant
Hypochaeris_radicata;10;800;plant
Hypochaeris_radicata;36;752;plant
Hypochaeris_radicata;42;750;plant
Hypochaeris_radicata;81;726;plant
Hypochaeris_radicata;89;729;plant
Hypochaeris_radicata;251;722;plant
Hypochaeris_radicata;310;732;plant
Hypochaeris_radicata;331;772;plant
Hypochaeris_radicata;347;758;plant
Hypochaeris_radicata;411;712;plant
Hypochaeris_radicata;463;780;plant
Hypochaeris_radicata;1;283;plant
Hypochaeris_radicata;6;203;plant
Hypochaeris_radicata;6;225;plant
Hypochaeris_radicata;6;246;plant
Hypochaeris_radicata;5;293;plant
Hypochaeris_radicata;9;290;plant
Hypochaeris_radicata;10;296;plant
Hypochaeris_radicata;20;295;plant
Hypochaeris_radicata;25;245;plant
Hypochaeris_radicata;29;220;plant
Hypochaeris_radicata;31;293;plant
Hypochaeris_radicata;23;229;plant
Hypochaeris_radicata;43;209;plant
Hypochaeris_radicata;46;202;plant
Hypochaeris_radicata;44;238;plant
Hypochaeris_radicata;53;211;plant
Hypochaeris_radicata;54;214;plant
Hypochaeris_radicata;58;212;plant
Hypochaeris_radicata;76;203;plant
Hypochaeris_radicata;90;220;plant
Hypochaeris_radicata;100;274;plant
Hypochaeris_radicata;125;234;plant
Hypochaeris_radicata;129;276;plant
Hypochaeris_radicata;124;295;plant
Hypochaeris_radicata;152;255;plant
Hypochaeris_radicata;170;228;plant
Hypochaeris_radicata;172;295;plant
Hypochaeris_radicata;177;232;plant
Hypochaeris_radicata;179;300;plant
Hypochaeris_radicata;182;228;plant
Hypochaeris_radicata;185;269;plant
Hypochaeris_radicata;256;245;plant
Hypochaeris_radicata;277;259;plant
Hypochaeris_radicata;281;263;plant
Hypochaeris_radicata;282;282;plant
Hypochaeris_radicata;299;268;plant
Hypochaeris_radicata;1500;688;plant
Hypochaeris_radicata;1454;618;plant
Hypochaeris_radicata;1449;648;plant
Hypochaeris_radicata;1399;697;plant
Hypochaeris_radicata;1314;656;plant
Hypochaeris_radicata;1071;684;plant
Hypochaeris_radicata;1024;679;plant
Hypochaeris_radicata;962;628;plant
Hypochaeris_radicata;861;671;plant
Hypochaeris_radicata;805;646;plant
Hypochaeris_radicata;737;695;plant
Hypochaeris_radicata;1423;814;plant
Hypochaeris_radicata;1437;873;plant
Hypochaeris_radicata;1441;872;plant
Hypochaeris_radicata;1443;873;plant
Hypochaeris_radicata;1445;813;plant
Hypochaeris_radicata;1458;848;plant
Hypochaeris_radicata;1462;840;plant
Hypochaeris_radicata;1458;880;plant
Hypochaeris_radicata;1473;868;plant
Hypochaeris_radicata;1495;876;plant
Hypochaeris_radicata;0;870;plant
Hypochaeris_radicata;4;840;plant
Hypochaeris_radicata;8;858;plant
Hypochaeris_radicata;23;873;plant
Hypochaeris_radicata;26;880;plant
Hypochaeris_radicata;32;868;plant
Hypochaeris_radicata;37;877;plant
Hypochaeris_radicata;44;875;plant
Hypochaeris_radicata;50;885;plant
Hypochaeris_radicata;54;885;plant
Hypochaeris_radicata;64;875;plant
Hypochaeris_radicata;67;852;plant
Hypochaeris_radicata;82;888;plant
Hypochaeris_radicata;83;802;plant
Hypochaeris_radicata;101;812;plant
Hypochaeris_radicata;118;888;plant
Hypochaeris_radicata;149;845;plant
Hypochaeris_radicata;143;887;plant
Hypochaeris_radicata;490;882;plant
Hypochaeris_radicata;192;893;plant
Hypochaeris_radicata;201;880;plant
Hypochaeris_radicata;383;842;plant
Hypochaeris_radicata;462;866;plant
Hypochaeris_radicata;538;882;plant
Hypochaeris_radicata;553;875;plant
Hypochaeris_radicata;581;810;plant
Hypochaeris_radicata;756;803;plant
Hypochaeris_radicata;863;878;plant
Hypochaeris_radicata;923;882;plant
Hypochaeris_radicata;926;874;plant
Hypochaeris_radicata;940;808;plant
Hypochaeris_radicata;987;838;plant
Hypochaeris_radicata;919;892;plant
Hypochaeris_radicata;1037;872;plant
Hypochaeris_radicata;1082;871;plant
Hypochaeris_radicata;1084;871;plant
Hypochaeris_radicata;1075;890;plant
Hypochaeris_radicata;1171;832;plant
Hypochaeris_radicata;1179;841;plant
Hypochaeris_radicata;1224;893;plant
Hypochaeris_radicata;1308;835;plant
Hypochaeris_radicata;1319;860;plant
Hypochaeris_radicata;1346;812;plant
Hypochaeris_radicata;1363;890;plant
Hypochaeris_radicata;1386;872;plant
Hypochaeris_radicata;1389;811;plant
Hypochaeris_radicata;1407;833;plant
Hypochaeris_radicata;1406;822;plant
Hypochaeris_radicata;1419;882;plant
Hypochaeris_radicata;1500;425;plant
Hypochaeris_radicata;1420;447;plant
Hypochaeris_radicata;1371;416;plant
Hypochaeris_radicata;1110;474;plant
Hypochaeris_radicata;1055;462;plant
Hypochaeris_radicata;973;475;plant
Hypochaeris_radicata;955;410;plant
Hypochaeris_radicata;801;456;plant
Hypochaeris_radicata;1430;260;plant
Hypochaeris_radicata;1366;205;plant
Hypochaeris_radicata;1316;205;plant
Hypochaeris_radicata;1136;267;plant
Hypochaeris_radicata;650;247;plant
Hypochaeris_radicata;549;277;plant
Hypochaeris_radicata;481;242;plant
Hypochaeris_radicata;470;247;plant
Hypochaeris_radicata;370;285;plant
Hypochaeris_radicata;1500;390;plant
Hypochaeris_radicata;1475;353;plant
Hypochaeris_radicata;1447;353;plant
Hypochaeris_radicata;1436;322;plant
Hypochaeris_radicata;1196;385;plant
Hypochaeris_radicata;958;322;plant
Hypochaeris_radicata;694;383;plant
Hypochaeris_radicata;1070;792;plant
Hypochaeris_radicata;1002;765;plant
Hypochaeris_radicata;959;731;plant
Hypochaeris_radicata;852;764;plant
Hypochaeris_radicata;849;800;plant
Hypochaeris_radicata;838;749;plant
Hypochaeris_radicata;832;796;plant
Hypochaeris_radicata;827;800;plant
Hypochaeris_radicata;827;803;plant
Hypochaeris_radicata;820;710;plant
Hypochaeris_radicata;819;724;plant
Hypochaeris_radicata;800;744;plant
Hypochaeris_radicata;773;737;plant
Hypochaeris_radicata;772;777;plant
Hypochaeris_radicata;771;788;plant
Hypochaeris_radicata;762;783;plant
Hypochaeris_radicata;757;715;plant
Hypochaeris_radicata;761;731;plant
Hypochaeris_radicata;744;748;plant
Hypochaeris_radicata;643;705;plant
Hypochaeris_radicata;628;717;plant
Hypochaeris_radicata;596;731;plant
Hypochaeris_radicata;589;758;plant
Hypochaeris_radicata;585;734;plant
Hypochaeris_radicata;563;734;plant
Hypochaeris_radicata;1485;921;plant
Hypochaeris_radicata;1478;945;plant
Hypochaeris_radicata;1470;906;plant
Hypochaeris_radicata;1467;942;plant
Hypochaeris_radicata;1467;940;plant
Hypochaeris_radicata;1462;951;plant
Hypochaeris_radicata;1431;913;plant
Hypochaeris_radicata;1422;908;plant
Hypochaeris_radicata;1417;932;plant
Hypochaeris_radicata;1409;972;plant
Hypochaeris_radicata;1410;945;plant
Hypochaeris_radicata;1394;978;plant
Hypochaeris_radicata;1429;905;plant
Hypochaeris_radicata;1391;971;plant
Hypochaeris_radicata;1389;970;plant
Hypochaeris_radicata;1380;965;plant
Hypochaeris_radicata;1393;947;plant
Hypochaeris_radicata;1385;944;plant
Hypochaeris_radicata;1397;984;plant
Hypochaeris_radicata;1378;976;plant
Hypochaeris_radicata;1379;972;plant
Hypochaeris_radicata;1367;980;plant
Hypochaeris_radicata;1365;926;plant
Hypochaeris_radicata;1364;939;plant
Hypochaeris_radicata;1346;904;plant
Hypochaeris_radicata;1340;936;plant
Hypochaeris_radicata;1337;980;plant
Hypochaeris_radicata;1322;955;plant
Hypochaeris_radicata;1313;973;plant
Hypochaeris_radicata;1312;986;plant
Hypochaeris_radicata;1288;975;plant
Hypochaeris_radicata;1375;962;plant
Hypochaeris_radicata;1243;946;plant
Hypochaeris_radicata;1207;913;plant
Hypochaeris_radicata;1188;927;plant
Hypochaeris_radicata;1150;968;plant
Hypochaeris_radicata;995;938;plant
Hypochaeris_radicata;968;946;plant
Hypochaeris_radicata;954;985;plant
Hypochaeris_radicata;127;582;plant
Hypochaeris_radicata;141;546;plant
Hypochaeris_radicata;142;545;plant
Hypochaeris_radicata;151;544;plant
Hypochaeris_radicata;153;525;plant
Hypochaeris_radicata;155;521;plant
Hypochaeris_radicata;154;534;plant
Hypochaeris_radicata;155;571;plant
Hypochaeris_radicata;174;563;plant
Hypochaeris_radicata;210;530;plant
Hypochaeris_radicata;244;570;plant
Hypochaeris_radicata;275;559;plant
Hypochaeris_radicata;276;558;plant
Hypochaeris_radicata;296;594;plant
Hypochaeris_radicata;464;518;plant
Hypochaeris_radicata;497;541;plant
Hypochaeris_radicata;524;510;plant
Hypochaeris_radicata;556;519;plant
Hypochaeris_radicata;939;573;plant
Hypochaeris_radicata;0;178;plant
Hypochaeris_radicata;39;198;plant
Hypochaeris_radicata;58;113;plant
Hypochaeris_radicata;51;179;plant
Hypochaeris_radicata;69;191;plant
Hypochaeris_radicata;119;150;plant
Hypochaeris_radicata;130;153;plant
Hypochaeris_radicata;151;190;plant
Hypochaeris_radicata;171;177;plant
Hypochaeris_radicata;171;185;plant
Hypochaeris_radicata;202;151;plant
Hypochaeris_radicata;210;130;plant
Hypochaeris_radicata;222;123;plant
Hypochaeris_radicata;357;159;plant
Hypochaeris_radicata;357;168;plant
Hypochaeris_radicata;399;118;plant
Jasione_montana;549;916;plant
Jasione_montana;401;749;plant
Jasione_montana;412;732;plant
Jasione_montana;412;746;plant
Jasione_montana;413;747;plant
Jasione_montana;414;746;plant
Jasione_montana;415;751;plant
Jasione_montana;415;703;plant
Jasione_montana;427;748;plant
Jasione_montana;428;749;plant
Jasione_montana;431;744;plant
Jasione_montana;431;726;plant
Jasione_montana;433;723;plant
Jasione_montana;434;722;plant
Jasione_montana;434;783;plant
Jasione_montana;434;789;plant
Jasione_montana;433;794;plant
Jasione_montana;436;796;plant
Jasione_montana;440;799;plant
Jasione_montana;440;790;plant
Jasione_montana;442;792;plant
Jasione_montana;444;792;plant
Jasione_montana;456;724;plant
Jasione_montana;450;782;plant
Jasione_montana;453;792;plant
Jasione_montana;459;719;plant
Jasione_montana;459;725;plant
Jasione_montana;460;777;plant
Jasione_montana;463;748;plant
Jasione_montana;463;709;plant
Jasione_montana;464;767;plant
Jasione_montana;464;785;plant
Jasione_montana;466;783;plant
Jasione_montana;466;787;plant
Jasione_montana;490;779;plant
Jasione_montana;467;741;plant
Jasione_montana;477;725;plant
Jasione_montana;483;722;plant
Jasione_montana;489;744;plant
Jasione_montana;486;772;plant
Jasione_montana;490;766;plant
Jasione_montana;490;783;plant
Jasione_montana;432;822;plant
Jasione_montana;1299;448;plant
Jasione_montana;1072;402;plant
Jasione_montana;1420;205;plant
Jasione_montana;1420;270;plant
Jasione_montana;1416;270;plant
Jasione_montana;1416;277;plant
Jasione_montana;1406;288;plant
Jasione_montana;1393;275;plant
Jasione_montana;1497;347;plant
Jasione_montana;1490;303;plant
Jasione_montana;1440;310;plant
Jasione_montana;1429;344;plant
Jasione_montana;1424;330;plant
Jasione_montana;1419;322;plant
Jasione_montana;1417;382;plant
Jasione_montana;1383;357;plant
Jasione_montana;1377;320;plant
Jasione_montana;1362;323;plant
Jasione_montana;1346;338;plant
Jasione_montana;1346;350;plant
Jasione_montana;1318;380;plant
Jasione_montana;669;701;plant
Jasione_montana;661;712;plant
Jasione_montana;611;706;plant
Jasione_montana;535;767;plant
Jasione_montana;526;727;plant
Jasione_montana;521;729;plant
Jasione_montana;521;731;plant
Jasione_montana;504;760;plant
Jasione_montana;502;750;plant
Jasione_montana;498;722;plant
Jasione_montana;495;712;plant
Jasione_montana;497;727;plant
Jasione_montana;501;794;plant
Jasione_montana;496;710;plant
Jasione_montana;494;770;plant
Jasione_montana;493;777;plant
Jasione_montana;256;530;plant
Jasione_montana;271;587;plant
Jasione_montana;298;965;plant
Jasione_montana;410;580;plant
Jasione_montana;490;600;plant
Jasione_montana;570;552;plant
Jasione_montana;1459;181;plant
Jasione_montana;1384;192;plant
Lasius_niger;1356;123;ant
Leontodon_saxatilis;6;924;plant
Leontodon_saxatilis;4;989;plant
Leontodon_saxatilis;32;800;plant
Leontodon_saxatilis;43;706;plant
Leontodon_saxatilis;66;737;plant
Leontodon_saxatilis;166;710;plant
Leontodon_saxatilis;259;751;plant
Leontodon_saxatilis;266;784;plant
Leontodon_saxatilis;303;705;plant
Leontodon_saxatilis;337;744;plant
Leontodon_saxatilis;342;782;plant
Leontodon_saxatilis;379;788;plant
Leontodon_saxatilis;410;702;plant
Leontodon_saxatilis;416;709;plant
Leontodon_saxatilis;432;782;plant
Leontodon_saxatilis;476;784;plant
Leontodon_saxatilis;484;781;plant
Leontodon_saxatilis;12;299;plant
Leontodon_saxatilis;25;295;plant
Leontodon_saxatilis;35;296;plant
Leontodon_saxatilis;42;204;plant
Leontodon_saxatilis;42;222;plant
Leontodon_saxatilis;45;241;plant
Leontodon_saxatilis;45;296;plant
Leontodon_saxatilis;45;299;plant
Leontodon_saxatilis;48;297;plant
Leontodon_saxatilis;48;288;plant
Leontodon_saxatilis;54;205;plant
Leontodon_saxatilis;68;228;plant
Leontodon_saxatilis;70;282;plant
Leontodon_saxatilis;95;242;plant
Leontodon_saxatilis;124;297;plant
Leontodon_saxatilis;133;285;plant
Leontodon_saxatilis;140;298;plant
Leontodon_saxatilis;222;298;plant
Leontodon_saxatilis;219;298;plant
Leontodon_saxatilis;323;247;plant
Leontodon_saxatilis;0;40;plant
Leontodon_saxatilis;51;173;plant
Leontodon_saxatilis;130;161;plant
Leontodon_saxatilis;342;147;plant
Leontodon_saxatilis;472;151;plant
Leontodon_saxatilis;490;148;plant
Leontodon_saxatilis;558;102;plant
Leontodon_saxatilis;648;158;plant
Leontodon_saxatilis;458;474;plant
Leontodon_saxatilis;592;500;plant
Leontodon_saxatilis;1485;515;plant
Leontodon_saxatilis;1486;580;plant
Leontodon_saxatilis;1467;553;plant
Leontodon_saxatilis;1460;589;plant
Leontodon_saxatilis;1458;583;plant
Leontodon_saxatilis;1456;560;plant
Leontodon_saxatilis;1451;568;plant
Leontodon_saxatilis;1450;530;plant
Leontodon_saxatilis;1448;520;plant
Leontodon_saxatilis;1446;544;plant
Leontodon_saxatilis;1438;535;plant
Leontodon_saxatilis;1438;540;plant
Leontodon_saxatilis;1417;517;plant
Leontodon_saxatilis;1364;540;plant
Leontodon_saxatilis;1;437;plant
Leontodon_saxatilis;40;450;plant
Leontodon_saxatilis;104;404;plant
Leontodon_saxatilis;242;487;plant
Leontodon_saxatilis;17;450;plant
Leontodon_saxatilis;86;430;plant
Leontodon_saxatilis;255;464;plant
Leontodon_saxatilis;268;464;plant
Leontodon_saxatilis;284;500;plant
Leontodon_saxatilis;322;472;plant
Leontodon_saxatilis;39;389;plant
Leontodon_saxatilis;91;340;plant
Leontodon_saxatilis;143;338;plant
Leontodon_saxatilis;157;161;plant
Leontodon_saxatilis;154;322;plant
Leontodon_saxatilis;161;316;plant
Leontodon_saxatilis;172;387;plant
Leontodon_saxatilis;239;306;plant
Leontodon_saxatilis;476;334;plant
Leontodon_saxatilis;6;976;plant
Leontodon_saxatilis;10;901;plant
Leontodon_saxatilis;29;990;plant
Leontodon_saxatilis;68;972;plant
Leontodon_saxatilis;97;984;plant
Leontodon_saxatilis;137;981;plant
Leontodon_saxatilis;235;920;plant
Leontodon_saxatilis;300;988;plant
Leontodon_saxatilis;330;920;plant
Leontodon_saxatilis;366;915;plant
Leontodon_saxatilis;364;935;plant
Leontodon_saxatilis;426;912;plant
Leontodon_saxatilis;506;921;plant
Leontodon_saxatilis;525;975;plant
Leontodon_saxatilis;558;915;plant
Leontodon_saxatilis;558;980;plant
Leontodon_saxatilis;575;910;plant
Leontodon_saxatilis;575;936;plant
Leontodon_saxatilis;570;1000;plant
Leontodon_saxatilis;618;992;plant
Leontodon_saxatilis;623;929;plant
Leontodon_saxatilis;623;638;plant
Leontodon_saxatilis;634;915;plant
Leontodon_saxatilis;645;953;plant
Leontodon_saxatilis;660;948;plant
Leontodon_saxatilis;730;923;plant
Leontodon_saxatilis;760;1000;plant
Leontodon_saxatilis;766;979;plant
Leontodon_saxatilis;820;930;plant
Leontodon_saxatilis;858;876;plant
Leontodon_saxatilis;920;933;plant
Leontodon_saxatilis;921;964;plant
Leontodon_saxatilis;922;1000;plant
Leontodon_saxatilis;30;904;plant
Leontodon_saxatilis;30;988;plant
Leontodon_saxatilis;36;980;plant
Leontodon_saxatilis;47;901;plant
Leontodon_saxatilis;44;966;plant
Leontodon_saxatilis;49;963;plant
Leontodon_saxatilis;62;901;plant
Leontodon_saxatilis;66;938;plant
Leontodon_saxatilis;66;956;plant
Leontodon_saxatilis;80;926;plant
Leontodon_saxatilis;93;919;plant
Leontodon_saxatilis;90;985;plant
Leontodon_saxatilis;108;925;plant
Leontodon_saxatilis;114;939;plant
Leontodon_saxatilis;114;988;plant
Leontodon_saxatilis;120;916;plant
Leontodon_saxatilis;130;916;plant
Leontodon_saxatilis;130;965;plant
Leontodon_saxatilis;140;972;plant
Leontodon_saxatilis;145;903;plant
Leontodon_saxatilis;145;905;plant
Leontodon_saxatilis;161;925;plant
Leontodon_saxatilis;168;925;plant
Leontodon_saxatilis;209;903;plant
Leontodon_saxatilis;224;915;plant
Leontodon_saxatilis;273;907;plant
Leontodon_saxatilis;343;968;plant
Leontodon_saxatilis;350;950;plant
Leontodon_saxatilis;388;982;plant
Leontodon_saxatilis;244;955;plant
Leontodon_saxatilis;251;924;plant
Leontodon_saxatilis;258;915;plant
Leontodon_saxatilis;258;910;plant
Leontodon_saxatilis;262;928;plant
Leontodon_saxatilis;264;1000;plant
Leontodon_saxatilis;433;950;plant
Leontodon_saxatilis;443;988;plant
Leontodon_saxatilis;570;943;plant
Leontodon_saxatilis;580;988;plant
Leontodon_saxatilis;592;920;plant
Leontodon_saxatilis;613;908;plant
Leontodon_saxatilis;745;948;plant
Leontodon_saxatilis;747;954;plant
Leontodon_saxatilis;750;958;plant
Leontodon_saxatilis;837;922;plant
Leontodon_saxatilis;914;911;plant
Leontodon_saxatilis;922;970;plant
Leontodon_saxatilis;929;965;plant
Leontodon_saxatilis;851;465;plant
Leontodon_saxatilis;841;401;plant
Leontodon_saxatilis;818;418;plant
Leontodon_saxatilis;817;414;plant
Leontodon_saxatilis;798;416;plant
Leontodon_saxatilis;801;500;plant
Leontodon_saxatilis;794;481;plant
Leontodon_saxatilis;783;483;plant
Leontodon_saxatilis;755;434;plant
Leontodon_saxatilis;751;410;plant
Leontodon_saxatilis;701;444;plant
Leontodon_saxatilis;698;494;plant
Leontodon_saxatilis;750;916;plant
Leontodon_saxatilis;38;997;plant
Leontodon_saxatilis;743;936;plant
Leontodon_saxatilis;825;974;plant
Leontodon_saxatilis;840;988;plant
Leontodon_saxatilis;842;990;plant
Leontodon_saxatilis;848;995;plant
Leontodon_saxatilis;20;904;plant
Leontodon_saxatilis;23;902;plant
Leontodon_saxatilis;60;925;plant
Leontodon_saxatilis;66;934;plant
Leontodon_saxatilis;89;975;plant
Leontodon_saxatilis;156;988;plant
Leontodon_saxatilis;294;950;plant
Leontodon_saxatilis;353;915;plant
Leontodon_saxatilis;379;905;plant
Leontodon_saxatilis;377;909;plant
Leontodon_saxatilis;379;928;plant
Leontodon_saxatilis;622;923;plant
Leontodon_saxatilis;877;911;plant
Leontodon_saxatilis;1391;672;plant
Leontodon_saxatilis;1000;663;plant
Leontodon_saxatilis;993;602;plant
Leontodon_saxatilis;957;631;plant
Leontodon_saxatilis;939;612;plant
Leontodon_saxatilis;911;622;plant
Leontodon_saxatilis;814;607;plant
Leontodon_saxatilis;870;634;plant
Leontodon_saxatilis;861;670;plant
Leontodon_saxatilis;811;659;plant
Leontodon_saxatilis;808;628;plant
Leontodon_saxatilis;39;872;plant
Leontodon_saxatilis;80;875;plant
Leontodon_saxatilis;133;869;plant
Leontodon_saxatilis;130;868;plant
Leontodon_saxatilis;354;849;plant
Leontodon_saxatilis;370;835;plant
Leontodon_saxatilis;80;892;plant
Leontodon_saxatilis;321;833;plant
Leontodon_saxatilis;940;812;plant
Leontodon_saxatilis;1069;868;plant
Leontodon_saxatilis;1411;885;plant
Leontodon_saxatilis;1392;815;plant
Leontodon_saxatilis;1092;863;plant
Leontodon_saxatilis;1301;880;plant
Leontodon_saxatilis;1478;452;plant
Leontodon_saxatilis;1362;418;plant
Leontodon_saxatilis;1350;50;plant
Leontodon_saxatilis;1077;454;plant
Leontodon_saxatilis;1080;405;plant
Leontodon_saxatilis;1068;447;plant
Leontodon_saxatilis;1054;462;plant
Leontodon_saxatilis;1051;494;plant
Leontodon_saxatilis;1020;458;plant
Leontodon_saxatilis;1020;497;plant
Leontodon_saxatilis;917;458;plant
Leontodon_saxatilis;816;415;plant
Leontodon_saxatilis;1406;245;plant
Leontodon_saxatilis;1396;227;plant
Leontodon_saxatilis;1403;253;plant
Leontodon_saxatilis;1393;202;plant
Leontodon_saxatilis;1388;210;plant
Leontodon_saxatilis;1382;205;plant
Leontodon_saxatilis;1377;210;plant
Leontodon_saxatilis;458;273;plant
Leontodon_saxatilis;1500;350;plant
Leontodon_saxatilis;1495;353;plant
Leontodon_saxatilis;1467;353;plant
Leontodon_saxatilis;1454;318;plant
Leontodon_saxatilis;1370;360;plant
Leontodon_saxatilis;1290;385;plant
Leontodon_saxatilis;1430;285;plant
Leontodon_saxatilis;1320;278;plant
Leontodon_saxatilis;1300;220;plant
Leontodon_saxatilis;1137;250;plant
Leontodon_saxatilis;1050;219;plant
Leontodon_saxatilis;1004;270;plant
Leontodon_saxatilis;906;250;plant
Leontodon_saxatilis;822;230;plant
Leontodon_saxatilis;571;286;plant
Leontodon_saxatilis;553;288;plant
Leontodon_saxatilis;547;277;plant
Leontodon_saxatilis;368;220;plant
Leontodon_saxatilis;1416;390;plant
Leontodon_saxatilis;1254;380;plant
Leontodon_saxatilis;1242;335;plant
Leontodon_saxatilis;1230;340;plant
Leontodon_saxatilis;1215;385;plant
Leontodon_saxatilis;1185;362;plant
Leontodon_saxatilis;1134;390;plant
Leontodon_saxatilis;1080;375;plant
Leontodon_saxatilis;1006;323;plant
Leontodon_saxatilis;857;380;plant
Leontodon_saxatilis;757;362;plant
Leontodon_saxatilis;695;310;plant
Leontodon_saxatilis;973;782;plant
Leontodon_saxatilis;956;735;plant
Leontodon_saxatilis;931;780;plant
Leontodon_saxatilis;893;750;plant
Leontodon_saxatilis;888;800;plant
Leontodon_saxatilis;878;785;plant
Leontodon_saxatilis;865;732;plant
Leontodon_saxatilis;806;732;plant
Leontodon_saxatilis;806;731;plant
Leontodon_saxatilis;831;796;plant
Leontodon_saxatilis;729;763;plant
Leontodon_saxatilis;568;776;plant
Leontodon_saxatilis;1426;973;plant
Leontodon_saxatilis;1395;909;plant
Leontodon_saxatilis;1356;949;plant
Leontodon_saxatilis;1348;945;plant
Leontodon_saxatilis;1341;984;plant
Leontodon_saxatilis;1341;989;plant
Leontodon_saxatilis;1227;909;plant
Leontodon_saxatilis;1173;933;plant
Leontodon_saxatilis;1154;928;plant
Leontodon_saxatilis;1152;913;plant
Leontodon_saxatilis;1157;909;plant
Leontodon_saxatilis;1141;920;plant
Leontodon_saxatilis;1052;906;plant
Leontodon_saxatilis;1043;909;plant
Leontodon_saxatilis;1013;992;plant
Leontodon_saxatilis;1003;925;plant
Leontodon_saxatilis;1;510;plant
Leontodon_saxatilis;265;540;plant
Leontodon_saxatilis;280;507;plant
Leontodon_saxatilis;292;580;plant
Leontodon_saxatilis;299;576;plant
Leontodon_saxatilis;320;596;plant
Leontodon_saxatilis;320;549;plant
Leontodon_saxatilis;326;584;plant
Leontodon_saxatilis;328;581;plant
Leontodon_saxatilis;342;576;plant
Leontodon_saxatilis;347;579;plant
Leontodon_saxatilis;382;581;plant
Leontodon_saxatilis;384;600;plant
Leontodon_saxatilis;553;524;plant
Leontodon_saxatilis;464;600;plant
Leontodon_saxatilis;571;530;plant
Leontodon_saxatilis;752;522;plant
Leontodon_saxatilis;770;566;plant
Leontodon_saxatilis;775;509;plant
Leontodon_saxatilis;807;561;plant
Leontodon_saxatilis;816;586;plant
Leontodon_saxatilis;867;515;plant
Leontodon_saxatilis;876;525;plant
Leontodon_saxatilis;884;590;plant
Leontodon_saxatilis;885;520;plant
Leontodon_saxatilis;897;591;plant
Leontodon_saxatilis;939;541;plant
Leontodon_saxatilis;1;72;plant
Leontodon_saxatilis;38;58;plant
Leontodon_saxatilis;97;2;plant
Leontodon_saxatilis;128;96;plant
Leontodon_saxatilis;142;13;plant
Leontodon_saxatilis;194;21;plant
Leontodon_saxatilis;198;81;plant
Leontodon_saxatilis;200;60;plant
Leontodon_saxatilis;232;46;plant
Leontodon_saxatilis;226;56;plant
Leontodon_saxatilis;245;50;plant
Leontodon_saxatilis;256;97;plant
Leontodon_saxatilis;250;71;plant
Leontodon_saxatilis;244;108;plant
Leontodon_saxatilis;817;61;plant
Leontodon_saxatilis;827;27;plant
Leontodon_saxatilis;302;72;plant
Leontodon_saxatilis;559;109;plant
Leontodon_saxatilis;840;92;plant
Leontodon_saxatilis;599;62;plant
Leontodon_saxatilis;879;62;plant
Leontodon_saxatilis;1291;12;plant
Leontodon_saxatilis;1305;49;plant
Leontodon_saxatilis;1330;68;plant
Leontodon_saxatilis;1343;52;plant
Leontodon_saxatilis;1341;74;plant
Leontodon_saxatilis;1346;79;plant
Leontodon_saxatilis;1347;97;plant
Leontodon_saxatilis;1374;64;plant
Leontodon_saxatilis;1385;96;plant
Leontodon_saxatilis;1454;60;plant
Leontodon_saxatilis;1350;88;plant
Leontodon_saxatilis;1352;78;plant
Leontodon_saxatilis;1356;86;plant
Leontodon_saxatilis;1356;81;plant
Leontodon_saxatilis;1356;68;plant
Leontodon_saxatilis;1365;93;plant
Leontodon_saxatilis;1375;88;plant
Leontodon_saxatilis;1405;10;plant
Leontodon_saxatilis;1418;88;plant
Leontodon_saxatilis;1420;91;plant
Leontodon_saxatilis;1427;96;plant
Leontodon_saxatilis;1441;173;plant
Leontodon_saxatilis;1434;195;plant
Leontodon_saxatilis;1440;63;plant
Leontodon_saxatilis;1394;181;plant
Leontodon_saxatilis;1368;141;plant
Leontodon_saxatilis;1349;96;plant
Leontodon_saxatilis;1318;141;plant
Leontodon_saxatilis;1311;194;plant
Leontodon_saxatilis;1276;126;plant
Leontodon_saxatilis;1239;150;plant
Leontodon_saxatilis;1132;46;plant
Leontodon_saxatilis;918;178;plant
Leontodon_saxatilis;848;180;plant
Leontodon_saxatilis;0;40;plant
Leontodon_saxatilis;51;173;plant
Leontodon_saxatilis;130;161;plant
Leontodon_saxatilis;342;147;plant
Leontodon_saxatilis;472;151;plant
Leontodon_saxatilis;490;148;plant
Leontodon_saxatilis;558;102;plant
Leontodon_saxatilis;648;158;plant
Myrmica_sabuleti;1399;126;ant
Myrmica_sabuleti;1457;179;ant
Myrmica_sabuleti;1025;697;ant
Oenothera_sp.;41;18;plant
Oenothera_sp.;67;72;plant
Oenothera_sp.;304;106;plant
Oenothera_sp.;553;63;plant
Oenothera_sp.;308;44;plant
Oenothera_sp.;443;95;plant
Oenothera_sp.;444;19;plant
Oenothera_sp.;556;115;plant
Oenothera_sp.;556;118;plant
Oenothera_sp.;763;51;plant
Oenothera_sp.;805;110;plant
Oenothera_sp.;830;77;plant
Oenothera_sp.;855;50;plant
Oenothera_sp.;556;120;plant
Oenothera_sp.;605;104;plant
Oenothera_sp.;637;12;plant
Oenothera_sp.;781;34;plant
Oenothera_sp.;894;72;plant
Oenothera_sp.;983;12;plant
Oenothera_sp.;1110;93;plant
Oenothera_sp.;1309;11;plant
Oenothera_sp.;1358;50;plant
Oenothera_sp.;1248;190;plant
Oenothera_sp.;1200;171;plant
Oenothera_sp.;855;170;plant
Oenothera_sp.;833;167;plant
Oenothera_sp.;116;111;plant
Oenothera_sp.;181;176;plant
Oenothera_sp.;255;200;plant
Oenothera_sp.;298;100;plant
Oenothera_sp.;340;142;plant
Oenothera_sp.;340;193;plant
Oenothera_sp.;550;103;plant
Oenothera_sp.;551;110;plant
Oenothera_sp.;553;111;plant
Oenothera_sp.;573;125;plant
Oenothera_sp.;609;104;plant
Oenothera_sp.;798;200;plant
Oenothera_sp.;458;500;plant
Oenothera_sp.;1406;578;plant
Oenothera_sp.;1413;586;plant
Oenothera_sp.;1413;525;plant
Oenothera_sp.;1411;520;plant
Oenothera_sp.;1398;585;plant
Oenothera_sp.;1394;585;plant
Oenothera_sp.;4;500;plant
Oenothera_sp.;179;419;plant
Oenothera_sp.;254;460;plant
Oenothera_sp.;53;384;plant
Oenothera_sp.;60;381;plant
Oenothera_sp.;83;394;plant
Oenothera_sp.;89;390;plant
Oenothera_sp.;744;463;plant
Oenothera_sp.;799;500;plant
Oenothera_sp.;739;500;plant
Oenothera_sp.;310;993;plant
Oenothera_sp.;670;412;plant
Oenothera_sp.;77;944;plant
Oenothera_sp.;104;979;plant
Oenothera_sp.;135;972;plant
Oenothera_sp.;264;984;plant
Oenothera_sp.;786;951;plant
Oenothera_sp.;871;945;plant
Oenothera_sp.;898;935;plant
Oenothera_sp.;934;915;plant
Oenothera_sp.;2;709;plant
Oenothera_sp.;14;790;plant
Oenothera_sp.;112;736;plant
Oenothera_sp.;36;210;plant
Oenothera_sp.;131;278;plant
Oenothera_sp.;252;205;plant
Oenothera_sp.;312;229;plant
Oenothera_sp.;341;200;plant
Oenothera_sp.;1436;642;plant
Oenothera_sp.;1388;609;plant
Oenothera_sp.;1341;654;plant
Oenothera_sp.;1271;686;plant
Oenothera_sp.;1192;662;plant
Oenothera_sp.;1094;644;plant
Oenothera_sp.;1084;671;plant
Oenothera_sp.;1053;631;plant
Oenothera_sp.;953;696;plant
Oenothera_sp.;852;634;plant
Oenothera_sp.;809;600;plant
Oenothera_sp.;90;855;plant
Oenothera_sp.;373;842;plant
Oenothera_sp.;377;848;plant
Oenothera_sp.;380;838;plant
Oenothera_sp.;389;838;plant
Oenothera_sp.;1105;808;plant
Oenothera_sp.;1117;815;plant
Oenothera_sp.;1073;807;plant
Oenothera_sp.;1193;824;plant
Oenothera_sp.;1343;900;plant
Oenothera_sp.;1475;811;plant
Oenothera_sp.;1393;460;plant
Oenothera_sp.;1260;500;plant
Oenothera_sp.;1162;495;plant
Oenothera_sp.;1067;442;plant
Oenothera_sp.;1012;500;plant
Oenothera_sp.;1011;500;plant
Oenothera_sp.;942;430;plant
Oenothera_sp.;921;500;plant
Oenothera_sp.;770;460;plant
Oenothera_sp.;763;458;plant
Oenothera_sp.;759;453;plant
Oenothera_sp.;741;405;plant
Oenothera_sp.;746;465;plant
Oenothera_sp.;745;468;plant
Oenothera_sp.;1290;295;plant
Oenothera_sp.;1280;289;plant
Oenothera_sp.;1250;287;plant
Oenothera_sp.;1034;272;plant
Oenothera_sp.;820;207;plant
Oenothera_sp.;752;256;plant
Oenothera_sp.;725;264;plant
Oenothera_sp.;685;267;plant
Oenothera_sp.;1357;390;plant
Oenothera_sp.;1270;337;plant
Oenothera_sp.;1196;342;plant
Oenothera_sp.;1035;345;plant
Oenothera_sp.;1017;382;plant
Oenothera_sp.;842;312;plant
Oenothera_sp.;825;303;plant
Oenothera_sp.;825;313;plant
Oenothera_sp.;738;348;plant
Oenothera_sp.;704;317;plant
Oenothera_sp.;670;400;plant
Oenothera_sp.;816;362;plant
Oenothera_sp.;816;376;plant
Oenothera_sp.;808;315;plant
Oenothera_sp.;712;340;plant
Oenothera_sp.;705;321;plant
Oenothera_sp.;734;361;plant
Oenothera_sp.;773;302;plant
Oenothera_sp.;871;753;plant
Oenothera_sp.;847;803;plant
Oenothera_sp.;793;792;plant
Oenothera_sp.;1499;925;plant
Oenothera_sp.;1313;920;plant
Oenothera_sp.;966;998;plant
Oenothera_sp.;1269;925;plant
Oenothera_sp.;1247;979;plant
Oenothera_sp.;1252;988;plant
Oenothera_sp.;1239;977;plant
Oenothera_sp.;1203;943;plant
Oenothera_sp.;1136;953;plant
Oenothera_sp.;1133;958;plant
Oenothera_sp.;964;1000;plant
Oenothera_sp.;1178;908;plant
Oenothera_sp.;1180;973;plant
Oenothera_sp.;1157;970;plant
Oenothera_sp.;1099;948;plant
Oenothera_sp.;1014;909;plant
Oenothera_sp.;995;979;plant
Oenothera_sp.;152;597;plant
Oenothera_sp.;203;560;plant
Oenothera_sp.;297;576;plant
Oenothera_sp.;341;528;plant
Oenothera_sp.;359;569;plant
Oenothera_sp.;637;531;plant
Oenothera_sp.;660;507;plant
Oenothera_sp.;675;580;plant
Oenothera_sp.;815;504;plant
Oenothera_sp.;815;595;plant
Oenothera_sp.;821;508;plant
Oenothera_sp.;840;510;plant
Oenothera_sp.;854;516;plant
Oenothera_sp.;897;520;plant
Oenothera_sp.;910;572;plant
Oenothera_sp.;910;523;plant
Oenothera_sp.;912;528;plant
Oenothera_sp.;935;530;plant
Oenothera_sp.;965;542;plant
Oenothera_sp.;116;111;plant
Oenothera_sp.;181;176;plant
Oenothera_sp.;255;200;plant
Oenothera_sp.;298;100;plant
Oenothera_sp.;340;142;plant
Oenothera_sp.;340;193;plant
Oenothera_sp.;550;103;plant
Oenothera_sp.;551;110;plant
Oenothera_sp.;553;111;plant
Oenothera_sp.;573;125;plant
Oenothera_sp.;609;104;plant
Oenothera_sp.;798;200;plant
Oenothera_sp._dood;13;991;plant
Oenothera_sp._dood;265;742;plant
Oenothera_sp._dood;299;292;plant
Oenothera_sp._dood;175;281;plant
Oenothera_sp._dood;39;159;plant
Oenothera_sp._dood;342;171;plant
Oenothera_sp._dood;6;344;plant
Oenothera_sp._dood;169;356;plant
Oenothera_sp._dood;137;985;plant
Oenothera_sp._dood;156;993;plant
Oenothera_sp._dood;320;940;plant
Oenothera_sp._dood;560;1000;plant
Oenothera_sp._dood;1198;630;plant
Oenothera_sp._dood;12;800;plant
Oenothera_sp._dood;919;838;plant
Oenothera_sp._dood;1446;490;plant
Oenothera_sp._dood;1198;547;plant
Oenothera_sp._dood;1410;265;plant
Oenothera_sp._dood;836;339;plant
Oenothera_sp._dood;825;325;plant
Oenothera_sp._dood;975;958;plant
Oenothera_sp._dood;366;583;plant
Oenothera_sp._dood;496;600;plant
Oenothera_sp._dood;793;517;plant
Oenothera_sp._dood;39;159;plant
Oenothera_sp._dood;342;171;plant
Oenothera_sp._dood;45;402;plant
Oenothera_sp._dood;252;453;plant
Oenothera_sp._dood;254;448;plant
Oenothera_sp._dood;380;475;plant
Sedum_acre;1065;506;plant
Sedum_acre;1079;858;plant
Senecio_inaequidens;28;68;plant
Senecio_inaequidens;154;92;plant
Senecio_inaequidens;273;20;plant
Senecio_inaequidens;277;28;plant
Senecio_inaequidens;303;27;plant
Senecio_inaequidens;336;35;plant
Senecio_inaequidens;348;99;plant
Senecio_inaequidens;496;93;plant
Senecio_inaequidens;631;11;plant
Senecio_inaequidens;772;69;plant
Senecio_inaequidens;764;112;plant
Senecio_inaequidens;924;116;plant
Senecio_inaequidens;940;78;plant
Senecio_inaequidens;1250;72;plant
Senecio_inaequidens;1402;93;plant
Senecio_inaequidens;1416;1;plant
Senecio_inaequidens;1453;58;plant
Senecio_inaequidens;1457;46;plant
Senecio_inaequidens;1404;196;plant
Senecio_inaequidens;1375;169;plant
Senecio_inaequidens;1366;121;plant
Senecio_inaequidens;1322;126;plant
Senecio_inaequidens;1258;132;plant
Senecio_inaequidens;1250;129;plant
Senecio_inaequidens;1244;137;plant
Senecio_inaequidens;1255;166;plant
Senecio_inaequidens;1254;171;plant
Senecio_inaequidens;1224;141;plant
Senecio_inaequidens;1227;186;plant
Senecio_inaequidens;1073;149;plant
Senecio_inaequidens;1019;131;plant
Senecio_inaequidens;1009;270;plant
Senecio_inaequidens;866;107;plant
Senecio_inaequidens;29;140;plant
Senecio_inaequidens;119;149;plant
Senecio_inaequidens;191;119;plant
Senecio_inaequidens;278;180;plant
Senecio_inaequidens;298;179;plant
Senecio_inaequidens;327;168;plant
Senecio_inaequidens;360;195;plant
Senecio_inaequidens;678;139;plant
Senecio_inaequidens;718;200;plant
Senecio_inaequidens;471;460;plant
Senecio_inaequidens;542;496;plant
Senecio_inaequidens;548;442;plant
Senecio_inaequidens;559;419;plant
Senecio_inaequidens;566;430;plant
Senecio_inaequidens;566;500;plant
Senecio_inaequidens;572;414;plant
Senecio_inaequidens;585;427;plant
Senecio_inaequidens;1438;590;plant
Senecio_inaequidens;1419;532;plant
Senecio_inaequidens;1405;520;plant
Senecio_inaequidens;38;430;plant
Senecio_inaequidens;61;500;plant
Senecio_inaequidens;67;439;plant
Senecio_inaequidens;86;490;plant
Senecio_inaequidens;106;444;plant
Senecio_inaequidens;130;488;plant
Senecio_inaequidens;155;469;plant
Senecio_inaequidens;155;484;plant
Senecio_inaequidens;148;489;plant
Senecio_inaequidens;162;417;plant
Senecio_inaequidens;237;479;plant
Senecio_inaequidens;284;415;plant
Senecio_inaequidens;306;476;plant
Senecio_inaequidens;322;478;plant
Senecio_inaequidens;370;473;plant
Senecio_inaequidens;391;426;plant
Senecio_inaequidens;392;475;plant
Senecio_inaequidens;447;401;plant
Senecio_inaequidens;31;358;plant
Senecio_inaequidens;52;375;plant
Senecio_inaequidens;124;348;plant
Senecio_inaequidens;151;336;plant
Senecio_inaequidens;159;343;plant
Senecio_inaequidens;172;366;plant
Senecio_inaequidens;156;385;plant
Senecio_inaequidens;281;341;plant
Senecio_inaequidens;342;304;plant
Senecio_inaequidens;361;328;plant
Senecio_inaequidens;521;333;plant
Senecio_inaequidens;551;379;plant
Senecio_inaequidens;563;342;plant
Senecio_inaequidens;621;318;plant
Senecio_inaequidens;52;730;plant
Senecio_inaequidens;75;762;plant
Senecio_inaequidens;106;745;plant
Senecio_inaequidens;158;723;plant
Senecio_inaequidens;112;727;plant
Senecio_inaequidens;226;725;plant
Senecio_inaequidens;258;791;plant
Senecio_inaequidens;259;721;plant
Senecio_inaequidens;355;797;plant
Senecio_inaequidens;368;734;plant
Senecio_inaequidens;374;739;plant
Senecio_inaequidens;376;781;plant
Senecio_inaequidens;417;741;plant
Senecio_inaequidens;414;781;plant
Senecio_inaequidens;468;750;plant
Senecio_inaequidens;47;294;plant
Senecio_inaequidens;94;283;plant
Senecio_inaequidens;177;229;plant
Senecio_inaequidens;231;241;plant
Senecio_inaequidens;234;261;plant
Senecio_inaequidens;321;258;plant
Senecio_inaequidens;1414;680;plant
Senecio_inaequidens;1333;664;plant
Senecio_inaequidens;1249;626;plant
Senecio_inaequidens;1198;631;plant
Senecio_inaequidens;1155;636;plant
Senecio_inaequidens;1098;666;plant
Senecio_inaequidens;1077;658;plant
Senecio_inaequidens;1068;697;plant
Senecio_inaequidens;1072;631;plant
Senecio_inaequidens;990;662;plant
Senecio_inaequidens;742;606;plant
Senecio_inaequidens;937;700;plant
Senecio_inaequidens;897;689;plant
Senecio_inaequidens;772;680;plant
Senecio_inaequidens;754;662;plant
Senecio_inaequidens;681;700;plant
Senecio_inaequidens;80;843;plant
Senecio_inaequidens;53;835;plant
Senecio_inaequidens;110;802;plant
Senecio_inaequidens;127;845;plant
Senecio_inaequidens;190;825;plant
Senecio_inaequidens;292;899;plant
Senecio_inaequidens;318;808;plant
Senecio_inaequidens;329;844;plant
Senecio_inaequidens;384;878;plant
Senecio_inaequidens;390;862;plant
Senecio_inaequidens;473;888;plant
Senecio_inaequidens;490;857;plant
Senecio_inaequidens;490;869;plant
Senecio_inaequidens;304;830;plant
Senecio_inaequidens;514;843;plant
Senecio_inaequidens;323;841;plant
Senecio_inaequidens;328;869;plant
Senecio_inaequidens;550;877;plant
Senecio_inaequidens;605;812;plant
Senecio_inaequidens;607;882;plant
Senecio_inaequidens;612;834;plant
Senecio_inaequidens;632;821;plant
Senecio_inaequidens;651;874;plant
Senecio_inaequidens;729;841;plant
Senecio_inaequidens;731;895;plant
Senecio_inaequidens;782;865;plant
Senecio_inaequidens;783;882;plant
Senecio_inaequidens;802;874;plant
Senecio_inaequidens;803;829;plant
Senecio_inaequidens;842;819;plant
Senecio_inaequidens;853;880;plant
Senecio_inaequidens;919;835;plant
Senecio_inaequidens;953;829;plant
Senecio_inaequidens;953;836;plant
Senecio_inaequidens;1128;834;plant
Senecio_inaequidens;1197;843;plant
Senecio_inaequidens;1339;815;plant
Senecio_inaequidens;1376;882;plant
Senecio_inaequidens;1388;893;plant
Senecio_inaequidens;1387;863;plant
Senecio_inaequidens;1500;500;plant
Senecio_inaequidens;1500;461;plant
Senecio_inaequidens;1488;433;plant
Senecio_inaequidens;1444;490;plant
Senecio_inaequidens;1426;448;plant
Senecio_inaequidens;1420;440;plant
Senecio_inaequidens;1415;484;plant
Senecio_inaequidens;1412;486;plant
Senecio_inaequidens;1405;483;plant
Senecio_inaequidens;1386;472;plant
Senecio_inaequidens;1385;492;plant
Senecio_inaequidens;1373;492;plant
Senecio_inaequidens;1371;402;plant
Senecio_inaequidens;1328;461;plant
Senecio_inaequidens;1306;460;plant
Senecio_inaequidens;1336;495;plant
Senecio_inaequidens;1152;498;plant
Senecio_inaequidens;1133;460;plant
Senecio_inaequidens;1125;465;plant
Senecio_inaequidens;1026;500;plant
Senecio_inaequidens;1021;405;plant
Senecio_inaequidens;972;417;plant
Senecio_inaequidens;973;454;plant
Senecio_inaequidens;916;411;plant
Senecio_inaequidens;913;466;plant
Senecio_inaequidens;843;415;plant
Senecio_inaequidens;838;483;plant
Senecio_inaequidens;797;409;plant
Senecio_inaequidens;799;460;plant
Senecio_inaequidens;781;471;plant
Senecio_inaequidens;781;414;plant
Senecio_inaequidens;710;475;plant
Senecio_inaequidens;695;422;plant
Senecio_inaequidens;606;500;plant
Senecio_inaequidens;1062;725;plant
Senecio_inaequidens;1030;800;plant
Senecio_inaequidens;902;701;plant
Senecio_inaequidens;894;710;plant
Senecio_inaequidens;850;749;plant
Senecio_inaequidens;755;801;plant
Senecio_inaequidens;760;722;plant
Senecio_inaequidens;763;733;plant
Senecio_inaequidens;726;740;plant
Senecio_inaequidens;684;711;plant
Senecio_inaequidens;589;738;plant
Senecio_inaequidens;587;790;plant
Senecio_inaequidens;565;763;plant
Senecio_inaequidens;564;768;plant
Senecio_inaequidens;553;795;plant
Senecio_inaequidens;537;703;plant
Senecio_inaequidens;534;754;plant
Senecio_inaequidens;529;724;plant
Senecio_inaequidens;1445;943;plant
Senecio_inaequidens;1423;957;plant
Senecio_inaequidens;1385;904;plant
Senecio_inaequidens;1383;950;plant
Senecio_inaequidens;1372;922;plant
Senecio_inaequidens;1295;987;plant
Senecio_inaequidens;1019;912;plant
Senecio_inaequidens;999;932;plant
Senecio_inaequidens;994;939;plant
Senecio_inaequidens;961;924;plant
Senecio_inaequidens;52;557;plant
Senecio_inaequidens;81;552;plant
Senecio_inaequidens;102;528;plant
Senecio_inaequidens;115;553;plant
Senecio_inaequidens;118;580;plant
Senecio_inaequidens;150;543;plant
Senecio_inaequidens;151;591;plant
Senecio_inaequidens;233;568;plant
Senecio_inaequidens;236;593;plant
Senecio_inaequidens;301;555;plant
Senecio_inaequidens;334;599;plant
Senecio_inaequidens;333;510;plant
Senecio_inaequidens;375;594;plant
Senecio_inaequidens;405;613;plant
Senecio_inaequidens;443;600;plant
Senecio_inaequidens;456;532;plant
Senecio_inaequidens;483;563;plant
Senecio_inaequidens;485;556;plant
Senecio_inaequidens;493;558;plant
Senecio_inaequidens;508;566;plant
Senecio_inaequidens;513;568;plant
Senecio_inaequidens;584;538;plant
Senecio_inaequidens;579;593;plant
Senecio_inaequidens;596;600;plant
Senecio_inaequidens;607;523;plant
Senecio_inaequidens;621;542;plant
Senecio_inaequidens;644;592;plant
Senecio_inaequidens;648;593;plant
Senecio_inaequidens;688;524;plant
Senecio_inaequidens;720;591;plant
Senecio_inaequidens;793;503;plant
Senecio_inaequidens;896;595;plant
Senecio_inaequidens;911;578;plant
Senecio_inaequidens;909;574;plant
Senecio_inaequidens;119;149;plant
Senecio_inaequidens;191;119;plant
Senecio_inaequidens;278;180;plant
Senecio_inaequidens;298;179;plant
Senecio_inaequidens;327;168;plant
Senecio_inaequidens;360;195;plant
Senecio_inaequidens;678;139;plant
Senecio_inaequidens;718;200;plant
Senecio_jacobea;15;302;plant
Senecio_jacobea;13;324;plant
Senecio_jacobea;20;354;plant
Senecio_jacobea;243;307;plant
Senecio_jacobea;270;366;plant
Senecio_jacobea;156;224;plant
Senecio_jacobea;1139;423;plant
Senecio_jacobea;927;448;plant
Senecio_jacobea;796;760;plant
Senecio_jacobea;164;539;plant
Senecio_jacobea;233;550;plant
Senecio_jacobea;235;550;plant
Senecio_jacobea;750;576;plant
Senecio_jacobea;780;567;plant
Senecio_jacobea;29;140;plant
Tetramorium_caespitum;623;922;ant
Tetramorium_caespitum;748;950;ant
Tetramorium_caespitum;913;905;ant
Tetramorium_caespitum;12;20;ant
Tetramorium_caespitum;66;67;ant
Tetramorium_caespitum;88;82;ant
Tetramorium_caespitum;96;8;ant
Tetramorium_caespitum;107;20;ant
Tetramorium_caespitum;171;18;ant
Tetramorium_caespitum;232;46;ant
Tetramorium_caespitum;290;14;ant
Tetramorium_caespitum;330;626;ant
Tetramorium_caespitum;514;88;ant
Tetramorium_caespitum;819;60;ant
Tetramorium_caespitum;1410;98;ant
Tetramorium_caespitum;310;51;ant
Tetramorium_caespitum;1405;100;ant
Tetramorium_caespitum;471;184;ant
Tetramorium_caespitum;432;163;ant
Tetramorium_caespitum;398;116;ant
Tetramorium_caespitum;380;209;ant
Tetramorium_caespitum;172;175;ant
Tetramorium_caespitum;121;150;ant
Tetramorium_caespitum;2;174;ant
Tetramorium_caespitum;115;110;ant
Tetramorium_caespitum;458;566;ant
Tetramorium_caespitum;518;432;ant
Tetramorium_caespitum;525;450;ant
Tetramorium_caespitum;530;500;ant
Tetramorium_caespitum;1417;517;ant
Tetramorium_caespitum;1394;543;ant
Tetramorium_caespitum;106;444;ant
Tetramorium_caespitum;126;448;ant
Tetramorium_caespitum;237;479;ant
Tetramorium_caespitum;284;415;ant
Tetramorium_caespitum;319;474;ant
Tetramorium_caespitum;337;415;ant
Tetramorium_caespitum;380;475;ant
Tetramorium_caespitum;390;433;ant
Tetramorium_caespitum;419;406;ant
Tetramorium_caespitum;426;489;ant
Tetramorium_caespitum;444;423;ant
Tetramorium_caespitum;181;304;ant
Tetramorium_caespitum;337;339;ant
Tetramorium_caespitum;272;363;ant
Tetramorium_caespitum;551;379;ant
Tetramorium_caespitum;295;369;ant
Tetramorium_caespitum;575;345;ant
Tetramorium_caespitum;355;353;ant
Tetramorium_caespitum;54;208;ant
Tetramorium_caespitum;47;294;ant
Tetramorium_caespitum;25;246;ant
Tetramorium_caespitum;232;300;ant
Tetramorium_caespitum;1463;536;ant
Tetramorium_caespitum;1452;523;ant
Tetramorium_caespitum;182;228;ant
Tetramorium_caespitum;273;299;ant
Tetramorium_caespitum;212;288;ant
Tetramorium_caespitum;323;247;ant
Tetramorium_caespitum;1494;684;ant
Tetramorium_caespitum;1292;656;ant
Tetramorium_caespitum;1249;626;ant
Tetramorium_caespitum;1198;631;ant
Tetramorium_caespitum;1088;694;ant
Tetramorium_caespitum;1077;658;ant
Tetramorium_caespitum;1068;697;ant
Tetramorium_caespitum;1025;697;ant
Tetramorium_caespitum;990;662;ant
Tetramorium_caespitum;911;698;ant
Tetramorium_caespitum;910;900;ant
Tetramorium_caespitum;913;887;ant
Tetramorium_caespitum;1128;834;ant
Tetramorium_caespitum;1477;884;ant
Tetramorium_caespitum;1363;495;ant
Tetramorium_caespitum;1138;470;ant
Tetramorium_caespitum;604;494;ant
Tetramorium_caespitum;1450;371;ant
Tetramorium_caespitum;1082;315;ant
Tetramorium_caespitum;900;365;ant
Tetramorium_caespitum;1380;210;ant
Tetramorium_caespitum;458;273;ant
Tetramorium_caespitum;391;215;ant
Tetramorium_caespitum;1260;285;ant
Tetramorium_caespitum;863;734;ant
Tetramorium_caespitum;954;985;ant
Tetramorium_caespitum;824;755;ant
Tetramorium_caespitum;762;783;ant
Tetramorium_caespitum;744;792;ant
Tetramorium_caespitum;1078;1000;ant
Tetramorium_caespitum;508;566;ant
Tetramorium_caespitum;300;514;ant
Tetramorium_caespitum;257;573;ant
Tetramorium_caespitum;312;557;ant
Tetramorium_caespitum;329;576;ant
Viola_curtisii;562;57;plant
Viola_curtisii;674;29;plant
Viola_curtisii;733;20;plant
Viola_curtisii;753;90;plant
Viola_curtisii;803;106;plant
Viola_curtisii;825;97;plant
Viola_curtisii;855;54;plant
Viola_curtisii;129;95;plant
Viola_curtisii;1229;92;plant
Viola_curtisii;1304;96;plant
Viola_curtisii;1456;58;plant
Viola_curtisii;1405;100;plant
Viola_curtisii;1307;112;plant
Viola_curtisii;1309;162;plant
Viola_curtisii;1232;203;plant
Viola_curtisii;1195;121;plant
Viola_curtisii;1193;155;plant
Viola_curtisii;1084;169;plant
Viola_curtisii;1001;123;plant
Viola_curtisii;691;178;plant
Viola_curtisii;779;114;plant
Viola_curtisii;470;410;plant
Viola_curtisii;488;435;plant
Viola_curtisii;492;467;plant
Viola_curtisii;501;416;plant
Viola_curtisii;503;428;plant
Viola_curtisii;511;429;plant
Viola_curtisii;520;442;plant
Viola_curtisii;542;429;plant
Viola_curtisii;545;448;plant
Viola_curtisii;593;421;plant
Viola_curtisii;592;457;plant
Viola_curtisii;1486;505;plant
Viola_curtisii;1441;528;plant
Viola_curtisii;1379;537;plant
Viola_curtisii;1363;565;plant
Viola_curtisii;1362;545;plant
Viola_curtisii;22;486;plant
Viola_curtisii;131;420;plant
Viola_curtisii;159;492;plant
Viola_curtisii;169;429;plant
Viola_curtisii;169;462;plant
Viola_curtisii;225;427;plant
Viola_curtisii;227;443;plant
Viola_curtisii;227;447;plant
Viola_curtisii;239;459;plant
Viola_curtisii;334;427;plant
Viola_curtisii;338;492;plant
Viola_curtisii;377;470;plant
Viola_curtisii;419;408;plant
Viola_curtisii;447;467;plant
Viola_curtisii;447;473;plant
Viola_curtisii;171;387;plant
Viola_curtisii;165;371;plant
Viola_curtisii;220;379;plant
Viola_curtisii;254;306;plant
Viola_curtisii;274;368;plant
Viola_curtisii;290;338;plant
Viola_curtisii;297;371;plant
Viola_curtisii;309;339;plant
Viola_curtisii;317;358;plant
Viola_curtisii;581;314;plant
Viola_curtisii;210;285;plant
Viola_curtisii;219;291;plant
Viola_curtisii;219;300;plant
Viola_curtisii;242;271;plant
Viola_curtisii;1083;651;plant
Viola_curtisii;1025;697;plant
Viola_curtisii;1006;683;plant
Viola_curtisii;926;659;plant
Viola_curtisii;911;696;plant
Viola_curtisii;910;608;plant
Viola_curtisii;896;681;plant
Viola_curtisii;865;663;plant
Viola_curtisii;839;671;plant
Viola_curtisii;822;656;plant
Viola_curtisii;689;682;plant
Viola_curtisii;882;855;plant
Viola_curtisii;924;805;plant
Viola_curtisii;968;818;plant
Viola_curtisii;997;844;plant
Viola_curtisii;102;825;plant
Viola_curtisii;914;832;plant
Viola_curtisii;910;892;plant
Viola_curtisii;1087;864;plant
Viola_curtisii;1489;410;plant
Viola_curtisii;1471;431;plant
Viola_curtisii;1057;496;plant
Viola_curtisii;1013;482;plant
Viola_curtisii;1098;442;plant
Viola_curtisii;985;423;plant
Viola_curtisii;943;431;plant
Viola_curtisii;943;443;plant
Viola_curtisii;943;486;plant
Viola_curtisii;895;497;plant
Viola_curtisii;889;406;plant
Viola_curtisii;860;500;plant
Viola_curtisii;765;423;plant
Viola_curtisii;1460;237;plant
Viola_curtisii;1435;260;plant
Viola_curtisii;1384;268;plant
Viola_curtisii;1358;266;plant
Viola_curtisii;1358;262;plant
Viola_curtisii;1350;260;plant
Viola_curtisii;1242;202;plant
Viola_curtisii;1240;245;plant
Viola_curtisii;1245;270;plant
Viola_curtisii;491;232;plant
Viola_curtisii;404;262;plant
Viola_curtisii;1403;336;plant
Viola_curtisii;1450;371;plant
Viola_curtisii;1424;342;plant
Viola_curtisii;1224;385;plant
Viola_curtisii;1216;390;plant
Viola_curtisii;1185;362;plant
Viola_curtisii;1175;355;plant
Viola_curtisii;1166;329;plant
Viola_curtisii;1162;360;plant
Viola_curtisii;958;388;plant
Viola_curtisii;846;339;plant
Viola_curtisii;802;360;plant
Viola_curtisii;784;350;plant
Viola_curtisii;760;360;plant
Viola_curtisii;763;360;plant
Viola_curtisii;763;373;plant
Viola_curtisii;734;313;plant
Viola_curtisii;992;721;plant
Viola_curtisii;951;720;plant
Viola_curtisii;925;785;plant
Viola_curtisii;911;797;plant
Viola_curtisii;910;762;plant
Viola_curtisii;842;714;plant
Viola_curtisii;818;788;plant
Viola_curtisii;801;738;plant
Viola_curtisii;766;781;plant
Viola_curtisii;677;730;plant
Viola_curtisii;1216;924;plant
Viola_curtisii;1078;1000;plant
Viola_curtisii;1066;937;plant
Viola_curtisii;1002;934;plant
Viola_curtisii;951;981;plant
Viola_curtisii;441;593;plant
Viola_curtisii;482;524;plant
Viola_curtisii;508;566;plant
Viola_curtisii;548;575;plant
Viola_curtisii;573;600;plant
Viola_curtisii;575;530;plant
Viola_curtisii;592;559;plant
Viola_curtisii;588;585;plant
Viola_curtisii;610;524;plant
Viola_curtisii;614;542;plant
Viola_curtisii;663;573;plant
Viola_curtisii;863;517;plant
Viola_curtisii;817;520;plant
Viola_curtisii;914;598;plant
Viola_curtisii;691;178;plant
Viola_curtisii;779;114;plant
